layer_id,layer_type,N,M,slice,slice_count,level,comment,D,sigma,norm,lognorm,alpha,alpha_weighted,spectralnorm,logspectralnorm,softrank,softranklog,softranklogratio,logpnorm,xmin,xmax
0,CONV2D,3,256,,1,LEVEL.LAYER,Layer level,,,,,,,,,,,,,,
1,CONV2D,256,256,,1,LEVEL.LAYER,Layer level,0.05303732422223406,0.13861167137177355,1727.5462313474488,3.2374296784777434,2.8596707179728833,3.3807115574789695,15.212587506357819,1.182203089408641,196180.69445421378,5.292656267546846,5.47694335682571,4.417536302759017,1.2464564204122561,12.561791630450033
4,DENSE,65536,128,,1,LEVEL.LAYER,Layer level,0.07673636966338049,0.1806935371293513,413.7750476046157,2.6167642973148095,2.7046594199628693,3.302467866954998,16.635241250285926,1.2210291035461818,10291.993211535733,4.012499491083437,4.286162041043992,4.14364833405208,1.8318633913731257,16.635241250285926
5,DENSE,128,128,,1,LEVEL.LAYER,Layer level,0.14618300010108798,0.28184755919698296,94.13941949857342,1.9737715159448357,2.667432646881243,1.7317370761037763,4.458768469982248,0.6492149213696248,1987.5959837770338,3.2983281105200466,6.080487219181108,2.5519110942672176,0.9495453274529483,4.458768469982248
6,DENSE,128,10,,1,LEVEL.LAYER,Layer level,,,,,,,,,,,,,,
