layer_id,layer_type,N,M,slice,slice_count,level,comment,D,sigma,norm,lognorm,alpha,alpha_weighted,spectralnorm,logspectralnorm,softrank,softranklog,softranklogratio,logpnorm,xmin,xmax
0,CONV2D,3,256,,1,LEVEL.LAYER,Layer level,,,,,,,,,,,,,,
1,CONV2D,256,256,,1,LEVEL.LAYER,Layer level,0.051167204923494025,0.02708042794825892,219.95630469409048,2.342336414844874,1.6025014863393428,1.023286163378979,4.350663716713786,0.6385555159243639,11120.320742974665,4.046117313765384,7.336359506515706,2.4575828757104667,0.005425647854343613,4.028285964505547
4,DENSE,65536,128,,1,LEVEL.LAYER,Layer level,0.06661288718483915,0.13897475984770305,78.28816259756354,1.8936961004078834,2.470770612287788,1.6438290673956122,4.627114769215108,0.6653102717105427,1324.591394118847,3.122081929105224,5.69267056568691,2.409993006994118,0.2321762786323947,4.627114769215108
5,DENSE,128,10,,1,LEVEL.LAYER,Layer level,,,,,,,,,,,,,,
