layer_id,layer_type,N,M,slice,slice_count,level,comment,D,sigma,norm,lognorm,alpha,alpha_weighted,spectralnorm,logspectralnorm,softrank,softranklog,softranklogratio,logpnorm,xmin,xmax
0,CONV2D,3,256,,1,LEVEL.LAYER,Layer level,,,,,,,,,,,,,,
1,CONV2D,256,256,,1,LEVEL.LAYER,Layer level,0.04082789072983928,0.14334452732570105,1590.7039487798213,3.2015893591719395,2.9496963610091447,3.164397593804326,11.824630287193493,1.0727875708270285,213988.85133890115,5.330391147516851,5.968729404095884,4.128667830158604,1.247689926553027,10.727322567534237
4,DENSE,65536,128,,1,LEVEL.LAYER,Layer level,0.09338219405937875,0.2031916236432402,312.17066598449225,2.4943920909121613,3.0721561079109656,3.546974723147093,14.274322263658748,1.1545554973633807,6826.980847231007,3.8342286844609412,4.3209565873767355,4.262533874964386,1.3550328832425749,14.274322263658748
5,DENSE,128,128,,1,LEVEL.LAYER,Layer level,0.09921796634776725,0.13882724503049193,87.63295265234098,1.9426674447984906,1.9914248343170393,1.8371452847777707,8.366196443335433,0.9225280578605525,917.9242254925776,2.9628068317364287,4.211617041336949,2.5386684463314335,0.3381017998945518,8.366196443335433
6,DENSE,128,10,,1,LEVEL.LAYER,Layer level,,,,,,,,,,,,,,
