layer_id,layer_type,N,M,slice,slice_count,level,comment,D,sigma,norm,lognorm,alpha,alpha_weighted,spectralnorm,logspectralnorm,softrank,softranklog,softranklogratio,logpnorm,xmin,xmax
0,CONV2D,3,64,,1,LEVEL.LAYER,Layer level,,,,,,,,,,,,,,
1,CONV2D,64,64,,1,LEVEL.LAYER,Layer level,0.1066928626778117,0.06094711931686444,1121.9204457289577,3.0499620626190294,1.9080916255375073,2.636082361819695,24.072887476559227,1.3815281858265656,52287.26665092906,4.718395939411494,4.415345403603537,3.8854712963435385,1.027267257075887,24.072887476559227
3,CONV2D,64,128,,1,LEVEL.LAYER,Layer level,0.10239782303925293,0.0614056770669039,1992.1625433821687,3.2993247702393007,1.9920390732968714,3.232418937866884,41.94386444971413,1.6226684411953602,94619.5981539312,4.975981099283241,4.06654210617273,4.366962557009906,1.746184668897713,41.94386444971413
4,CONV2D,128,128,,1,LEVEL.LAYER,Layer level,0.0836257540040844,0.12074444555090376,3164.937804660349,3.5003651799589943,2.5835485577019632,4.172872862852382,41.2259868251638,1.6151710601344784,242973.7182483677,5.385559299783511,4.334358466858062,5.211914991069636,4.645622429862709,41.2259868251638
6,CONV2D,128,256,,1,LEVEL.LAYER,Layer level,0.09789521179037292,0.14397797753576386,6175.547727081409,3.790675482466089,2.8827563625212917,5.001762047789286,54.33283376927851,1.7350623565755265,701921.6021643332,5.846288608356652,4.3694976933828515,6.198017715129097,8.96927835392435,47.76566373532077
7,CONV2D,256,256,,1,LEVEL.LAYER,Layer level,0.07791842890162765,0.24069032339217555,8745.297169733172,3.9417745716171577,3.5472269547016353,7.409176088543061,122.66578440786861,2.0887234403546255,623484.5597419672,5.79482570287969,3.7743384264868682,7.729443625420574,9.502416069089746,83.45140003869322
10,DENSE,4096,128,,1,LEVEL.LAYER,Layer level,0.11929613233919001,0.1497822233374244,576.0233650384718,2.7604400999188266,2.681301287073695,4.457441706982384,45.96394779254408,1.66241732269003,7218.764553641474,3.8584628771476237,3.320995350856953,5.015897558732177,1.618688543519209,45.96394779254408
11,DENSE,128,10,,1,LEVEL.LAYER,Layer level,,,,,,,,,,,,,,
