layer_id,layer_type,N,M,slice,slice_count,level,comment,D,sigma,norm,lognorm,alpha,alpha_weighted,spectralnorm,logspectralnorm,softrank,softranklog,softranklogratio,logpnorm,xmin,xmax
0,CONV2D,3,256,,1,LEVEL.LAYER,Layer level,,,,,,,,,,,,,,
1,CONV2D,256,256,,1,LEVEL.LAYER,Layer level,0.10088811595635866,0.011085527053025412,173.43726162705278,2.2391424079069044,1.26233144993363,0.8769637696726895,4.9512803362544116,0.694717516321722,6075.294000308273,3.7835672994920864,6.4461953392577565,2.276141816190749,6.471743488527148e-05,4.9512803362544116
4,DENSE,65536,128,,1,LEVEL.LAYER,Layer level,0.074253379838642,0.1700323786079866,108.3864460066304,2.0349749759978586,2.6308932826240508,1.642078220044861,4.208742428810206,0.6241523481359356,2791.242723130769,3.445797603859782,6.520763663151858,2.4863979049540066,0.4591694788102486,4.208742428810206
5,DENSE,128,10,,1,LEVEL.LAYER,Layer level,,,,,,,,,,,,,,
