layer_id,layer_type,N,M,slice,slice_count,level,comment,D,sigma,norm,lognorm,alpha,alpha_weighted,spectralnorm,logspectralnorm,softrank,softranklog,softranklogratio,logpnorm,xmin,xmax
0,CONV2D,3,128,,1,LEVEL.LAYER,Layer level,,,,,,,,,,,,,,
1,CONV2D,128,128,,1,LEVEL.LAYER,Layer level,0.11774515945321018,0.014320007901441507,90.98829469104015,1.9589855255291566,1.2434401343245056,1.1739476958450799,8.792507733619306,0.9441127589812136,941.5823132151731,2.9738582920770993,4.1498973653170115,2.046192243040994,9.114342947107054e-05,4.904410731852276
3,CONV2D,128,256,,1,LEVEL.LAYER,Layer level,0.12137217881694135,0.009278501416943316,103.14806930857964,2.013461103404882,1.2234559047231626,0.7896847829540138,4.420325239483063,0.6454542251219914,2406.955060015401,3.3814679816877726,6.23889665614734,2.052478738965062,2.8609398026672487e-05,3.670170639483077
4,CONV2D,256,256,,1,LEVEL.LAYER,Layer level,0.09611067388066724,0.016311875177703123,170.31062115067377,2.2312417328909278,1.3555090773962875,0.5709558786654076,2.6376149870096635,0.4212114018167411,10996.945278057014,4.041272063965114,10.594403300894914,2.238164960778059,0.0007453615094378083,2.6376149870096635
6,CONV2D,256,512,,1,LEVEL.LAYER,Layer level,0.09755630702861773,0.06791257134956084,509.3010300493478,2.7069745545274357,1.9604287945817944,1.6426576616172468,6.885053708037163,0.8379073323944236,37674.00374909706,4.576041776660448,6.461274295790972,2.9047425918960665,0.19047450078640818,4.291487344841557
7,CONV2D,512,512,,1,LEVEL.LAYER,Layer level,0.08464003266197928,0.9546113699662587,953.9699396826002,2.9795346899707034,6.483824817868665,5.373946543048206,6.742539902727448,0.8288235253115162,134972.67482983568,5.130245854629891,7.189792757995944,5.4885163930475755,1.0296009122420675,3.085622993227528
10,DENSE,8192,128,,1,LEVEL.LAYER,Layer level,0.15347986543298997,0.14904781334413275,43.04792387183373,1.6339522110103812,2.6052940780023524,1.7103271113580478,4.533998821688754,0.6564814029245659,408.71729847185304,2.6114230190961965,4.977908601009169,2.2519896357387523,0.09618093759502919,4.533998821688754
11,DENSE,128,10,,1,LEVEL.LAYER,Layer level,,,,,,,,,,,,,,
