layer_id,layer_type,N,M,slice,slice_count,level,comment,D,sigma,norm,lognorm,alpha,alpha_weighted,spectralnorm,logspectralnorm,softrank,softranklog,softranklogratio,logpnorm,xmin,xmax
0,CONV2D,3,512,,1,LEVEL.LAYER,Layer level,,,,,,,,,,,,,,
1,CONV2D,512,512,,1,LEVEL.LAYER,Layer level,0.08676185698049854,0.12962523025107422,1052.016584279294,3.0220225862095575,3.0740036840171876,1.5837798864346848,3.275045233504272,0.5152173026562415,337930.87261102383,5.528827869762873,11.73106015900201,2.9312580763886906,0.32480145145112516,3.2218430880350506
4,DENSE,131072,128,,1,LEVEL.LAYER,Layer level,0.13336818637775216,0.31423299190026843,78.92535274507472,1.8972165315829073,4.555140471123477,2.1463631425345753,2.9593465016421265,0.47119581846950104,2104.927997609579,3.3232372446963137,8.052773209003798,2.711404090257478,0.40777678321174676,2.9593465016421265
5,DENSE,128,128,,1,LEVEL.LAYER,Layer level,0.09525895736198803,0.1236105418272782,40.19060849913013,1.6041245816041747,1.9332391252500603,1.1905508119002468,4.128878969835522,0.6158321525518742,391.21636243909984,2.592417010656475,5.209616207783346,1.8779339550142577,0.11968685560572677,4.128878969835522
6,DENSE,128,10,,1,LEVEL.LAYER,Layer level,,,,,,,,,,,,,,
