layer_id,layer_type,N,M,slice,slice_count,level,comment,D,sigma,norm,lognorm,alpha,alpha_weighted,spectralnorm,logspectralnorm,softrank,softranklog,softranklogratio,logpnorm,xmin,xmax
0,CONV2D,3,512,,1,LEVEL.LAYER,Layer level,,,,,,,,,,,,,,
1,CONV2D,512,512,,1,LEVEL.LAYER,Layer level,0.06800841236758748,0.0161977374629497,183.50755344685166,2.263653945169975,1.3012953332294592,0.9484834588981669,5.356441927608638,0.728876400827697,6286.826708318892,3.7984314895122533,6.211352000419869,2.310675424717346,8.431218552187796e-05,3.613228646192855
4,DENSE,131072,128,,1,LEVEL.LAYER,Layer level,0.0746911885547723,0.16348141263854618,108.18578331377543,2.0341701939125287,2.5422805622740046,1.7070861398895925,4.693299448064722,0.671478264524293,2493.802886590024,3.3968621233007643,6.058781948373656,2.5330827752910343,0.4445678947248858,4.693299448064722
5,DENSE,128,10,,1,LEVEL.LAYER,Layer level,,,,,,,,,,,,,,
