layer_id,layer_type,N,M,slice,slice_count,level,comment,D,sigma,norm,lognorm,alpha,alpha_weighted,spectralnorm,logspectralnorm,softrank,softranklog,softranklogratio,logpnorm,xmin,xmax
0,CONV2D,3,128,,1,LEVEL.LAYER,Layer level,,,,,,,,,,,,,,
1,CONV2D,128,128,,1,LEVEL.LAYER,Layer level,0.0740503058887742,0.16849634060281315,383.0701491058567,2.5832783107309014,3.3103054252088344,1.5818767944873011,3.0051371886014207,0.4778643029253129,48830.628995103136,4.68869231853649,10.811765159761896,2.6882569128238916,0.6398890314952098,3.0051371886014207
3,CONV2D,128,256,,1,LEVEL.LAYER,Layer level,0.037184547283802716,0.21673588642377786,489.812858661992,2.690030182121168,3.9558833993047724,2.0811283158442793,3.358028225097213,0.5260843421750063,71445.68789432586,4.85397602206733,10.226611843263365,2.9210746664898006,0.709292947116549,3.358028225097213
4,CONV2D,256,256,,1,LEVEL.LAYER,Layer level,0.052700759868517605,0.3519505608171131,702.2797733125483,2.846510160278387,4.589205554852768,2.013584544222146,2.746410086767454,0.43876538545825633,179578.74622592167,5.254254935098517,12.975089898239936,2.8763528206490223,0.7684023036238411,2.746410086767454
6,CONV2D,256,512,,1,LEVEL.LAYER,Layer level,0.035826297727619916,0.33561534967258644,933.0845967559288,2.9699210202081843,5.258481388085692,1.961954432116613,2.361037350792079,0.373102857521161,368756.0742785752,5.5667391828952075,15.920119400531481,2.9924893388224207,0.7447935332673575,2.361037350792079
7,CONV2D,512,512,,1,LEVEL.LAYER,Layer level,0.1488808613532805,1.8479853444427219,1380.9292266045652,3.1401714213138083,11.775513645824635,1.5201592987999961,1.3461546200363734,0.12909494604840568,1416602.1499366513,6.151247896579211,48.649021784886365,2.9548046640547363,1.033255812460298,1.3367521038778338
10,DENSE,8192,128,,1,LEVEL.LAYER,Layer level,0.13266581547382394,0.2733954111807582,81.59634063371507,1.9116706823050769,4.044402454666972,1.7174845198688704,2.6586255538264125,0.42465717472973225,2504.2875237661146,3.3986841898804214,9.003359867976968,2.2734981846317335,0.42315637661660627,2.6586255538264125
11,DENSE,128,10,,1,LEVEL.LAYER,Layer level,,,,,,,,,,,,,,
