layer_id,layer_type,N,M,slice,slice_count,level,comment,D,sigma,norm,lognorm,alpha,alpha_weighted,spectralnorm,logspectralnorm,softrank,softranklog,softranklogratio,logpnorm,xmin,xmax
0,CONV2D,3,64,,1,LEVEL.LAYER,Layer level,,,,,,,,,,,,,,
1,CONV2D,64,64,,1,LEVEL.LAYER,Layer level,0.09663460233332066,0.12560754610522057,498.013494472875,2.6972411108233807,2.5383719790045145,2.259068284886576,7.761888324343642,0.8899673899538261,31953.234871883713,4.504514831692935,6.0614380735081115,3.4316631310186736,1.0856594509194828,7.761888324343642
3,CONV2D,64,128,,1,LEVEL.LAYER,Layer level,0.08943767047548667,0.11816940889762852,614.2688475093615,2.788358490742248,2.6543717245667993,2.542000732713308,9.071219823353035,0.9576656913523178,41595.973239352774,4.619051290132178,5.823239813060051,3.485335426040889,1.0737199984972303,9.071219823353035
4,CONV2D,128,128,,1,LEVEL.LAYER,Layer level,0.08589531587567367,0.1316022730692758,897.5265666392554,2.9530473124860914,3.0724746687706603,2.3499972465706396,5.819087408900274,0.7648548808087997,138433.03618212673,5.141239744163383,7.721849952407642,3.726244615736212,1.2145750721234243,5.819087408900274
6,CONV2D,128,256,,1,LEVEL.LAYER,Layer level,0.09204591305106546,0.15118886016083768,1423.6549303227782,3.1534047364797693,3.1434720335902218,2.935681140098895,8.588110989090408,0.9338976484374811,235999.90302955065,5.372911824522057,6.753212713953784,4.271779303506889,1.9474347916438146,8.588110989090408
7,CONV2D,256,256,,1,LEVEL.LAYER,Layer level,0.06628380718626459,0.2847487302017001,2110.6674242349086,3.3244198073492006,4.080028442096474,4.42373315807627,12.140617169516785,1.0842407647048626,366943.2050713231,5.564598849993538,6.13225386015463,4.939212347480133,2.3218194687852893,12.140617169516785
10,DENSE,4096,128,,1,LEVEL.LAYER,Layer level,0.1626531286388394,0.17782445814182413,185.03298735824544,2.267249160568177,2.9960745920662895,3.183655034992297,11.550711479306619,1.0626087359182335,2964.0777082912514,3.4718895852181206,4.267326408923179,3.785391441304647,0.6504347291179098,11.550711479306619
11,DENSE,128,128,,1,LEVEL.LAYER,Layer level,0.09149395559805268,0.1720819081931641,75.32376644335315,1.8769320280821151,2.1671162854919066,1.7269585513878496,6.264586708598174,0.7968924247163105,905.6734394665933,2.9569716314479195,4.710628360535095,2.4069745848992152,0.4190435646282387,6.264586708598174
12,DENSE,128,10,,1,LEVEL.LAYER,Layer level,,,,,,,,,,,,,,
