layer_id,layer_type,N,M,slice,slice_count,level,comment,D,sigma,norm,lognorm,alpha,alpha_weighted,spectralnorm,logspectralnorm,softrank,softranklog,softranklogratio,logpnorm,xmin,xmax
0,CONV2D,3,64,,1,LEVEL.LAYER,Layer level,,,,,,,,,,,,,,
1,CONV2D,64,64,,1,LEVEL.LAYER,Layer level,0.12163274856320017,0.25947246269202007,241.71769219522474,2.3833084391604675,3.5686463306098117,1.425713520763064,2.5090598208090413,0.39951101585329624,23286.588161674677,4.367105862467638,11.931127526334032,2.599923631715426,0.8290953677832928,2.5090598208090413
3,CONV2D,64,128,,1,LEVEL.LAYER,Layer level,0.07003169544528287,0.2334136720784681,309.74489952826735,2.491004163716491,3.7120217942110783,1.8092753802842818,3.0719184819627974,0.4874096868466285,31231.916910267268,4.494598640586354,10.22139785457455,2.702298163404075,0.7918732358580869,3.0719184819627974
4,CONV2D,128,128,,1,LEVEL.LAYER,Layer level,0.07827598078078846,0.33152824258219993,443.1207445782797,2.646522081886701,4.750813895755717,1.6110606812837749,2.183295722984895,0.3391125640015208,89935.59242041693,4.953931599771882,15.608516833807622,2.8593021220546833,0.8700863996823942,2.183295722984895
6,CONV2D,128,256,,1,LEVEL.LAYER,Layer level,0.09988525574531262,0.594503514460445,584.5595441753496,2.7668287556855122,7.033551703325291,2.086241367344647,1.9797610979194622,0.29661278616297415,172601.56341368493,5.237044725208051,18.656166455112125,3.2412495912459707,1.1126565587913484,1.8447128644851611
7,CONV2D,256,256,,1,LEVEL.LAYER,Layer level,0.16918975041432227,1.7931350622633218,859.3074042126676,2.93414855390216,12.053626887030667,2.3405952724159373,1.5638022205057862,0.19418182546651963,472188.3657997919,5.674115282337801,30.220630039427242,3.705425262151553,1.2328608105062515,1.5190929669790418
10,DENSE,4096,128,,1,LEVEL.LAYER,Layer level,0.07880593640859967,0.5419352188855279,93.34604912920369,1.970095941163549,5.501652021350256,1.3902202957662047,1.7893340492617444,0.25269142620637913,4869.6803660707055,3.6875004561207185,15.592898981499472,1.9689752744396076,0.6690003615224356,1.7893340492617444
11,DENSE,128,128,,1,LEVEL.LAYER,Layer level,0.20083158897035253,0.6330038421849705,49.47289085217665,1.6943672882592045,4.101072837148854,0.8901210752553143,1.6483366208874015,0.21704590740069468,1484.870807489375,3.171688669117714,15.612985368401203,1.6995197297836768,0.7689702422290102,1.6483366208874015
12,DENSE,128,10,,1,LEVEL.LAYER,Layer level,,,,,,,,,,,,,,
