layer_id,layer_type,N,M,slice,slice_count,level,comment,D,sigma,norm,lognorm,alpha,alpha_weighted,spectralnorm,logspectralnorm,softrank,softranklog,softranklogratio,logpnorm,xmin,xmax
0,CONV2D,3,512,,1,LEVEL.LAYER,Layer level,,,,,,,,,,,,,,
1,CONV2D,512,512,,1,LEVEL.LAYER,Layer level,0.08237601009779927,0.1925314859087338,891.5279949694128,2.9501349850546674,3.597391749053836,2.1544760295895733,3.970996231536452,0.598899474919914,200156.86731252572,5.301370495189421,9.851853636870077,3.142239317717752,0.36011206435396464,2.818191086049912
4,DENSE,131072,128,,1,LEVEL.LAYER,Layer level,0.05682674642354435,0.20521169798108607,75.35691707493687,1.8771231227369114,3.3217053315397074,1.3847796870770606,2.6114888689771867,0.416888179071313,2174.49326263566,3.3373580664025098,9.005403448562692,2.1484636484194697,0.3300327724011123,2.6114888689771867
5,DENSE,128,10,,1,LEVEL.LAYER,Layer level,,,,,,,,,,,,,,
