layer_id,layer_type,N,M,slice,slice_count,level,comment,D,sigma,norm,lognorm,alpha,alpha_weighted,spectralnorm,logspectralnorm,softrank,softranklog,softranklogratio,logpnorm,xmin,xmax
0,CONV2D,3,512,,1,LEVEL.LAYER,Layer level,,,,,,,,,,,,,,
1,CONV2D,512,512,,1,LEVEL.LAYER,Layer level,0.08363821922482095,0.19378648270654977,1163.0021223570416,3.065580507271106,3.794828399561123,2.275057071672999,3.9766295739078528,0.5995151380062699,340130.7341980567,5.531645876535942,10.226866055345697,3.3045020058803463,0.47660035281465074,3.9766295739078528
4,DENSE,131072,128,,1,LEVEL.LAYER,Layer level,0.10050637606145985,0.40480863768346376,74.29003350989068,1.8709305542452812,5.579886924621847,1.2121521672747995,1.649058161798583,0.21723597335387723,3346.764357226337,3.5246251351366853,17.22486865651424,1.910233223118976,0.44330204433662695,1.649058161798583
5,DENSE,128,10,,1,LEVEL.LAYER,Layer level,,,,,,,,,,,,,,
