layer_id,layer_type,N,M,slice,slice_count,level,comment,D,sigma,norm,lognorm,alpha,alpha_weighted,spectralnorm,logspectralnorm,softrank,softranklog,softranklogratio,logpnorm,xmin,xmax
0,CONV2D,3,128,,1,LEVEL.LAYER,Layer level,,,,,,,,,,,,,,
1,CONV2D,128,128,,1,LEVEL.LAYER,Layer level,0.07395898694581571,0.02921013095662939,100.06681468810964,2.0002900756077926,1.6531583845069429,0.9999298539621374,4.025875001297174,0.6048602864270431,2487.2524354576526,3.395719864788542,6.614056569736666,2.121538806197907,0.005525916966480086,4.025875001297174
3,CONV2D,128,256,,1,LEVEL.LAYER,Layer level,0.10077836720047684,0.024379028868845045,99.76333432643739,1.9989709558611561,1.6817415727354468,1.2911716838488423,5.858125566278288,0.7677586763516104,1698.9603181639486,3.230183235370702,5.2072897837124215,2.0744512017251306,0.0040988962687706024,5.858125566278288
4,CONV2D,256,256,,1,LEVEL.LAYER,Layer level,0.07531947360667901,0.03525889813026264,113.91195779339014,2.056569316099292,1.7788945178339595,0.9124498235589399,3.2578480161281824,0.5129308199060442,3982.9771260307157,3.6002078122925405,8.01889547785802,2.014021376642093,0.0055574471885178195,3.2578480161281824
6,CONV2D,256,512,,1,LEVEL.LAYER,Layer level,0.05241819183782648,0.024907827037316352,224.68329237702375,2.3515707791470346,1.6413463175531104,0.9031634736517725,3.55024001501835,0.5502577146535366,14219.484220736047,4.152883843640533,8.54716150823137,2.383894801801081,0.008091173655592372,3.0841074492653577
7,CONV2D,512,512,,1,LEVEL.LAYER,Layer level,0.04021805363974229,0.4433286881824814,512.3130527492086,2.7095354210036886,4.071471249539671,2.93048162939852,5.2451736763856776,0.7197598729770831,50039.270424706214,4.699310969030294,7.528998274928724,3.097972857694146,0.434022496865414,2.9431554716305186
10,DENSE,8192,128,,1,LEVEL.LAYER,Layer level,0.15468255842669165,0.09916480559484506,31.264311561657188,1.4950488699824571,2.0817603161379816,1.2354777883561368,3.921727761446227,0.5934774425175697,249.2414662316875,2.3966202974473445,5.038266875453136,1.8567209169252583,0.036037294653512394,3.921727761446227
11,DENSE,128,128,,1,LEVEL.LAYER,Layer level,0.09659065085647722,0.06443058041271098,9.591965192022169,0.9819075940962002,1.5653760485805432,0.2159984153951861,1.3739945207952042,0.13798500085078588,66.96227303127542,1.8258301873416145,14.232091720722819,0.979099718068683,0.0017344536601004992,1.3739945207952042
12,DENSE,128,10,,1,LEVEL.LAYER,Layer level,,,,,,,,,,,,,,
