layer_id,layer_type,N,M,slice,slice_count,level,comment,D,sigma,norm,lognorm,alpha,alpha_weighted,spectralnorm,logspectralnorm,softrank,softranklog,softranklogratio,logpnorm,xmin,xmax
0,CONV2D,3,256,,1,LEVEL.LAYER,Layer level,,,,,,,,,,,,,,
1,CONV2D,256,256,,1,LEVEL.LAYER,Layer level,0.08066767922201051,0.3278493481509271,1256.9513520022972,3.0993184694394946,4.723652798758959,2.772173068271573,3.862518962731545,0.5868706245725561,409040.5035016554,5.611766314306433,10.562186416118086,3.9624896929938367,1.207034373162344,3.245323196714419
4,DENSE,65536,128,,1,LEVEL.LAYER,Layer level,0.09762246310045197,0.6298686723259301,144.6644684719896,2.1603618756840595,7.985581504674359,2.7937720956772205,2.2379586321239286,0.34985205448618695,9351.293691439592,3.9708716968819315,12.350145428512015,3.4343313451357647,0.9690901674004113,2.2379586321239286
5,DENSE,128,128,,1,LEVEL.LAYER,Layer level,0.173918391103754,0.39614421402048716,75.97593576539687,1.880676057817403,3.2056376373645774,1.432416207728809,2.797968587047568,0.446842834334335,2063.047756200408,3.314509281300471,8.417617619935921,2.2808703472483707,0.9376133043245811,2.797968587047568
6,DENSE,128,10,,1,LEVEL.LAYER,Layer level,,,,,,,,,,,,,,
