layer_id,layer_type,N,M,slice,slice_count,level,comment,D,sigma,norm,lognorm,alpha,alpha_weighted,spectralnorm,logspectralnorm,softrank,softranklog,softranklogratio,logpnorm,xmin,xmax
0,CONV2D,3,512,,1,LEVEL.LAYER,Layer level,,,,,,,,,,,,,,
1,CONV2D,512,512,,1,LEVEL.LAYER,Layer level,0.05197646698968872,0.4524947446954407,2497.8946568288006,3.397574119017041,5.410373218653297,4.117170272269132,5.7673608868160935,0.7609771278022743,1081860.1157553734,6.034171110231808,8.929503909872668,4.931236571476895,1.3951386374986474,5.34513819657587
4,DENSE,131072,128,,1,LEVEL.LAYER,Layer level,0.08210517936310757,0.3344569782357106,176.47545489837313,2.246684310044127,4.78394875721012,3.1793678146414934,4.61945447975465,0.664590691915275,6741.832031915993,3.8287779281729786,6.761106760521841,3.8406235898598347,0.9837982797709475,4.61945447975465
5,DENSE,128,10,,1,LEVEL.LAYER,Layer level,,,,,,,,,,,,,,
