layer_id,layer_type,N,M,slice,slice_count,level,comment,D,sigma,norm,lognorm,alpha,alpha_weighted,spectralnorm,logspectralnorm,softrank,softranklog,softranklogratio,logpnorm,xmin,xmax
0,CONV2D,3,256,,1,LEVEL.LAYER,Layer level,,,,,,,,,,,,,,
1,CONV2D,256,256,,1,LEVEL.LAYER,Layer level,0.06985100981511883,0.3232978117182828,1289.0473886774148,3.110268883422296,4.084064563303848,2.871247520880341,5.047040161898913,0.7030367606523866,329231.21610961796,5.517501006192205,8.84809744667151,3.9781553074701836,1.3734192851929636,5.047040161898913
4,DENSE,65536,128,,1,LEVEL.LAYER,Layer level,0.10573548942500488,0.5432590156615619,148.37052537853566,2.1713476345222853,7.073820442044377,2.886304533391946,2.5587406274873987,0.4080262648789806,8603.377991742584,3.93466900416559,10.643175802255282,3.550379051490633,0.962508292285417,2.5587406274873987
5,DENSE,128,10,,1,LEVEL.LAYER,Layer level,,,,,,,,,,,,,,
