layer_id,layer_type,N,M,slice,slice_count,level,comment,D,sigma,norm,lognorm,alpha,alpha_weighted,spectralnorm,logspectralnorm,softrank,softranklog,softranklogratio,logpnorm,xmin,xmax
0,CONV2D,3,256,,1,LEVEL.LAYER,Layer level,,,,,,,,,,,,,,
1,CONV2D,256,256,,1,LEVEL.LAYER,Layer level,0.09198528034300424,0.09227365139029908,478.7126749169378,2.680074926486775,1.985212996494881,2.341736435134513,15.121313405576121,1.1795895147115774,15155.153456552443,4.180560338261973,4.544080619675706,3.1929671831106847,0.37292947658733033,10.110996498716746
4,DENSE,65536,128,,1,LEVEL.LAYER,Layer level,0.11227764277256735,0.20034558763141536,329.7518171974748,2.518187197536557,3.0916693425797748,3.6144280369650947,14.759995456605669,1.1690862238033242,7366.957616262216,3.8672881712697897,4.3079580381065075,4.374259753150849,1.3886149651494184,14.759995456605669
5,DENSE,128,128,,1,LEVEL.LAYER,Layer level,0.10166953094065351,0.0733767273097444,14.59797154797171,1.1642925128580348,1.6269310329535993,0.4621100429849729,1.923259476009586,0.28403788090884147,110.80188397539419,2.044547144807228,8.198149550564352,1.2222422990887092,0.00739781409767434,1.923259476009586
6,DENSE,128,10,,1,LEVEL.LAYER,Layer level,,,,,,,,,,,,,,
