{"task1_v4": {"0xx": {"RMSE": 0.8708288359776031, "MAE": 0.7219224682674551, "R2": 0.5495439266802352, "Ktau": -0.5480952765236738, "spman": -0.7566862540261774}, "1xx": {"RMSE": 0.3718801464343123, "MAE": 0.3144963382108266, "R2": 0.878087513170729, "Ktau": -0.4848484848484848, "spman": -0.7342657342657343}, "2xx": {"RMSE": 0.6566496838137909, "MAE": 0.5473167617989844, "R2": 0.6948707390470584, "Ktau": -0.5151515151515151, "spman": -0.7202797202797203}, "5xx": {"RMSE": 1.3394854411263808, "MAE": 1.15749141974925, "R2": 0.08600741464158601, "Ktau": -0.10476190476190476, "spman": -0.11428571428571425}, "6xx": {"RMSE": 1.0383351651934198, "MAE": 0.8040526789046206, "R2": 0.6133947266714386, "Ktau": -0.3725490196078432, "spman": -0.5335397316821465}, "7xx": {"RMSE": 1.1332239218936329, "MAE": 0.8456473381146228, "R2": 0.4493120779312044, "Ktau": -0.5111111111111111, "spman": -0.7333333333333332}}, "task2_v1": {"2xx": {"RMSE": 1.1563648064069731, "MAE": 1.0400423411474118, "R2": 0.6876685355779508, "Ktau": -0.7362637362637363, "spman": -0.8813186813186813}, "6xx": {"RMSE": 0.9982664025097169, "MAE": 0.7888905274718119, "R2": 0.36075064910501053, "Ktau": -0.25490196078431376, "spman": -0.347781217750258}, "9xx": {"RMSE": 0.9915778931993179, "MAE": 0.7823788488622236, "R2": 0.6392635296135725, "Ktau": -0.8666666666666666, "spman": -0.942857142857143}, "10xx": {"RMSE": 1.0851998206839417, "MAE": 0.8775735596924713, "R2": 0.6512762621832402, "Ktau": -0.6969696969696969, "spman": -0.8531468531468532}}}