{"task1_v4": {"0xx: ": {"R2": 0.014292535089860836, "Ktau": -0.10097427492091338, "RMSE": 0.021460230031369164}, "1xx: ": {"R2": 0.11554853882277372, "Ktau": -0.32566947363946475, "RMSE": 0.021158003539459964}, "2xx: ": {"R2": 0.21804129105288328, "Ktau": -0.5427824560657746, "RMSE": 0.01767472579502584}, "5xx: ": {"R2": 0.006471467874472725, "Ktau": -0.008439494725697222, "RMSE": 0.04255461706481206}, "6xx: ": {"R2": 0.1592159231479705, "Ktau": -0.3068826024572417, "RMSE": 0.05008353175525126}, "7xx: ": {"R2": 0.7802150401325242, "Ktau": -0.5954371961386479, "RMSE": 0.02239060084848064}}, "task2_v1": {"2xx: ": {"R2": 0.2423906965466711, "Ktau": -0.25490196078431376, "RMSE": 0.02373354556128289}, "6xx: ": {"R2": 0.02385357073113048, "Ktau": 0.04605362824893069, "RMSE": 0.018863462505398245}, "9xx: ": {"R2": 0.8288123823145608, "Ktau": -0.7333333333333333, "RMSE": 0.011419199147995053}, "10xx: ": {"R2": 0.01612029857560704, "Ktau": -0.015267620413811482, "RMSE": 0.017740683306668385}}}