{"task1_v4": {"0xx": {"RMSE": 0.012976397121803464, "MAE": 0.01083896053667372, "R2": 0.02417660349082329, "Ktau": -0.09800379116648474, "spman": -0.13959556755310515}, "1xx": {"RMSE": 0.013033434672639543, "MAE": 0.011252502903208816, "R2": 0.002010545873695091, "Ktau": 0.1515151515151515, "spman": 0.22377622377622378}, "2xx": {"RMSE": 0.00744506187070707, "MAE": 0.006999283120394074, "R2": 0.665411967816836, "Ktau": -0.8181818181818181, "spman": -0.9090909090909092}, "5xx": {"RMSE": 0.015176626215099192, "MAE": 0.013179351918125637, "R2": 0.04041631143989577, "Ktau": 0.18333333333333335, "spman": 0.22058823529411767}, "6xx": {"RMSE": 0.01923136225367234, "MAE": 0.015464178432846152, "R2": 0.1087293560797633, "Ktau": -0.16842105263157894, "spman": -0.24962406015037594}, "7xx": {"RMSE": 0.011883235527534234, "MAE": 0.009094308944824442, "R2": 0.6000471253970593, "Ktau": -0.5757575757575757, "spman": -0.7552447552447553}}, "task2_v1": {"2xx": {"RMSE": 0.011876261254952128, "MAE": 0.009462786280630563, "R2": 0.8931053887315169, "Ktau": -0.8300653594771243, "spman": -0.9236326109391124}, "6xx": {"RMSE": 0.008623135058813711, "MAE": 0.006838146605583858, "R2": 0.3477828847686594, "Ktau": -0.25490196078431376, "spman": -0.3663570691434469}, "9xx": {"RMSE": 0.005700982725297966, "MAE": 0.004588714187302677, "R2": 0.9093645526334593, "Ktau": -0.8666666666666666, "spman": -0.942857142857143}, "10xx": {"RMSE": 0.0102376198214813, "MAE": 0.009334990559086582, "R2": 0.7232535967922845, "Ktau": -0.6969696969696969, "spman": -0.8531468531468532}}}