layer_id,layer_type,N,M,slice,slice_count,level,comment,D,sigma,norm,lognorm,alpha,alpha_weighted,spectralnorm,logspectralnorm,softrank,softranklog,softranklogratio,logpnorm,xmin,xmax
0,CONV2D,3,512,,1,LEVEL.LAYER,Layer level,,,,,,,,,,,,,,
2,CONV2D,512,512,,1,LEVEL.LAYER,Layer level,0.07294350924065302,0.05691448697643955,20.458410299182397,1.3108718842580753,1.5153825995111663,0.83037160070798,3.5315201105319467,0.5479616837199016,118.51739162449437,2.073782084796249,4.784538493126268,1.4294445839305292,0.004815136877906715,3.5315201105319467
4,CONV2D,512,512,,1,LEVEL.LAYER,Layer level,0.08143035433227419,0.04440875983235336,210.62141114552003,2.323502518177546,1.5528846011839943,2.35676818721526,32.9360238513886,1.5176711684940052,1346.8953943285383,3.129333867861087,3.0619314202076753,2.780172712462875,0.06589973804014046,32.9360238513886
6,CONV2D,512,512,,1,LEVEL.LAYER,Layer level,0.06156300200127196,0.18929572517731164,6881.044976646005,3.8376543965392185,2.78581229970173,4.627691426564233,45.83150472984164,1.6611641161393784,1033105.5078755828,6.0141446769390585,4.620439797914854,5.792602045571177,4.8595609076910184,45.83150472984164
8,CONV2D,512,512,,1,LEVEL.LAYER,Layer level,0.04166666666666663,0.6348534940606791,4655.2918548908365,3.667946913458138,4.110134243743389,9.570516895881594,213.0673296925348,2.32851686303196,101713.11709536234,5.007376963884316,3.150457676894044,9.602728261081474,35.489355982733215,213.0673296925348
10,CONV2D,512,512,,1,LEVEL.LAYER,Layer level,0.04173511159452592,0.06062767579140649,39769.86290744304,4.5995540939117125,1.8531070180404352,6.557414569055275,3456.252293391395,3.538605436824368,457617.6336146028,5.660502750999059,2.5996422466583144,7.387164454916073,15.47615568438072,3456.252293391395
12,CONV2D,512,10,,1,LEVEL.LAYER,Layer level,,,,,,,,,,,,,,
