layer_id,layer_type,N,M,slice,slice_count,level,comment,D,sigma,norm,lognorm,alpha,alpha_weighted,spectralnorm,logspectralnorm,softrank,softranklog,softranklogratio,logpnorm,xmin,xmax
0,CONV2D,3,512,,1,LEVEL.LAYER,Layer level,,,,,,,,,,,,,,
2,CONV2D,512,512,,1,LEVEL.LAYER,Layer level,0.07664742694864957,0.04090525049792163,24.117515260436726,1.3823325619976452,1.4211453299510255,0.8740452185467885,4.121247890237022,0.6150287378257854,141.1355389990739,2.149636386169505,4.4951803939581385,1.4850065063602957,0.002041264674238027,4.121247890237022
4,CONV2D,512,512,,1,LEVEL.LAYER,Layer level,0.0856706773174255,0.03938990657624952,351.2047560951853,2.545560388589157,1.5400871884576648,2.5215440317122315,43.37840294933277,1.6372735586726466,2843.4606236644736,3.453847218505667,3.109511388741741,3.0765940995715346,0.07973066239387878,43.37840294933277
6,CONV2D,512,512,,1,LEVEL.LAYER,Layer level,0.05412225341189769,0.10092914109994065,1960.8956524747543,3.2924544836422043,2.2964582913936473,2.8557251426504684,17.520016580684516,1.2435345128421296,219469.64160602193,5.3413744544422785,5.295316615084878,4.079506161309458,0.5381573277048156,17.520016580684516
8,CONV2D,512,512,,1,LEVEL.LAYER,Layer level,0.03448275862068961,0.6813423211155423,5302.803833092559,3.724505561536588,4.669140689282754,10.783389219738266,203.93975078246478,2.309501884252442,137882.52846427888,5.139509238820734,3.2253756421958197,10.797096254935505,34.00210875614429,203.93975078246478
10,CONV2D,512,512,,1,LEVEL.LAYER,Layer level,0.06195518975984904,0.049352014961068974,32421.774754928152,4.510836784268694,1.76773717777222,6.301826694368916,3672.0751178301375,3.564911556768159,286260.88642773824,5.456762011769229,2.5306865050857428,7.091168704167928,4.320575895139715,3672.0751178301375
12,CONV2D,512,10,,1,LEVEL.LAYER,Layer level,,,,,,,,,,,,,,
